{
  "forbidden": [
      {
        "name": "not-between-renderers",
        "comment": "Don't allow dependencies between the different types of renderers",
        "severity": "error",
        "from": {
          "path": "^render/graphics|^render/astmassage"
        },
        "to": {
          "path": "^render/text/"
        }
      },
    {
      "name": "not-to-test",
      "comment": "Don't allow dependencies from outside the test folder to test",
      "severity": "error",
      "from": {
        "pathNot": "^test"
      },
      "to": {
        "path": "^test"
      }
    },
    {
      "name": "not-to-spec",
      "comment": "Don't allow dependencies to (typescript/ javascript/ coffeescript) spec files",
      "severity": "error",
      "from": {},
      "to": {
        "path": "\\.spec\\.[js|ts|ls|coffee|litcoffee|coffee\\.md]$"
      }
    },
    {
      "name": "no-deprecated-core",
      "comment": "Warn about dependencies on deprecated core modules.",
      "severity": "warn",
      "from": {},
      "to": {
        "dependencyTypes": [
          "core"
        ],
        "path": "^(punycode|domain)$"
      }
    },
    {
      "name": "not-to-unresolvable",
      "comment": "Don't allow dependencies on modules dependency-cruiser can't resolve to files on disk (which probably means they don't exist)",
      "severity": "error",
      "from": {},
      "to": {
        "couldNotResolve": true
      }
    },
    {
      "name": "not-to-dev-dep",
      "severity": "error",
      "comment": "Don't allow dependencies from src/app/lib to a development only package",
      "from": {
        "path": "^(index\\.js|indexAMD\\.js|index-lazy\\.js|main|parse|render|lib)"
      },
      "to": {
        "dependencyTypes": [
          "npm-dev"
        ]
      }
    },
    {
      "name": "no-non-package-json",
      "severity": "error",
      "comment": "Don't allow dependencies to packages not in package.json (except from within node_modules)",
      "from": {
        "pathNot": "^node_modules"
      },
      "to": {
        "dependencyTypes": [
          "unknown",
          "undetermined",
          "npm-no-pkg",
          "npm-unknown"
        ]
      }
    },
    {
      "name": "optional-deps-used",
      "severity": "info",
      "comment": "nothing serious - but just check you have some serious try/ catches around the import/ requires of these",
      "from": {},
      "to": {
        "dependencyTypes": [
          "npm-optional"
        ]
      }
    },
    {
      "name": "peer-deps-used",
      "comment": "Warn about the use of a peer dependency (peer dependencies are deprecated with the advent of npm 3 - and probably gone with version 4).",
      "severity": "warn",
      "from": {},
      "to": {
        "dependencyTypes": [
          "npm-peer"
        ]
      }
    },
    {
      "name": "no-duplicate-dep-types",
      "comment": "Warn if a dependency occurs in your package.json more than once (technically: has more than one dependency type)",
      "severity": "warn",
      "from": {},
      "to": {
        "moreThanOneDependencyType": true
      }
    }
  ]
}
